driverId,name,ssn,location,certified,wage-plan
10,Kim Wilson,184-01-0665,"2137 Christian Expressway
Adrianland, NC 68323",N,miles
11,Rebecca Griffith,143-17-4980,"682 Fitzpatrick Ports Apt. 083
Tonytown, CA 89035",Y,miles
12,Meredith Ramirez,726-43-8310,"733 Sarah Parkways Apt. 286
Bartonshire, VA 84290",Y,hours
13,Alexander Espinoza,214-18-1476,"2297 Perez Islands
North Keithbury, VI 36987",Y,hours
14,Ruth Pollard,894-27-9694,"9365 Linda Drive Apt. 758
New Patriciaville, NV 72888",N,hours
15,Amy Harris,135-36-3910,"USS Bell
FPO AA 48512",Y,hours
16,Sara Bradley,062-98-9314,"3193 Brittney Lock Suite 309
Sullivanport, NY 63788",N,hours
17,Scott Landry,877-79-0783,"57464 Alyssa Hills
Jasontown, MN 79094",Y,hours
18,David Barron,446-61-5082,"089 Melissa Well
South Georgeside, MP 90903",Y,hours
19,Mallory Foster,348-01-3929,"44408 Young Fields Suite 335
Kathyview, AK 06305",N,miles
20,Mary Wilson,764-07-3796,"557 Samantha Mall Apt. 223
South Cindy, TN 67605",Y,miles
21,Debra Mullins,758-63-0102,"9304 Velazquez Estates
Jenniferborough, OH 44923",N,miles
22,George Green,196-04-6176,"10178 Belinda Ferry Apt. 951
Kristinatown, MI 67415",N,miles
23,Courtney Pierce,701-02-7398,"709 Brandon Spurs Apt. 385
Michaelfort, NJ 52128",Y,miles
24,Bradley Nguyen,694-08-0371,"1797 Lisa Ramp
Danaview, MN 65823",N,miles
25,Sheryl Lawrence,122-85-8460,"36775 Stephanie Mill Suite 340
Timothyburgh, MH 11294",N,miles
26,Sandra Shields,617-61-5553,"Unit 2571 Box 3702
DPO AP 05473",Y,miles
27,Ian Hayes,709-18-1654,"7409 Ortiz Summit Suite 286
New Rachelmouth, KS 56587",N,hours
28,Joshua Reid,576-74-6975,"9286 Christopher Forest
East Marytown, DE 03889",N,miles
29,Dr. Randy Rice,595-33-4804,"PSC 4498, Box 6953
APO AA 79460",N,hours
30,Adrienne Jones,765-42-1321,"82738 Ian Bypass Suite 091
West Heather, DC 62295",Y,hours
31,Sue Carter PhD,788-18-3804,"92011 Richard Stream
South William, ME 42422",N,hours
32,Donald Lee,538-05-6588,"15641 Andrea Prairie Suite 215
Melissaland, CO 41699",Y,hours
33,Anna Gomez,453-98-8647,"64393 Gerald Rapid Suite 543
Nelsonside, SD 61864",N,miles
34,Thomas Robinson,856-94-0528,"1519 Fitzgerald Common Suite 317
New Tony, NJ 13493",Y,hours
35,Jennifer Morrow,851-31-1731,"3870 Juan Plains Suite 408
Kelseybury, FM 30513",Y,hours
36,Krista Lucas,331-25-8884,"724 Joshua Flats Apt. 824
Williamsland, TN 59840",Y,miles
37,Michelle Bradley,232-23-3249,"7528 Miller Causeway
South Tonyaborough, IN 67625",Y,hours
38,Dana Stewart,198-31-8590,"322 Betty Mission Apt. 649
North Timothyshire, MO 92258",N,hours
39,Corey Reed,534-84-9243,"USNS Williams
FPO AP 14411",N,hours
40,Joyce Peters,514-33-7167,"71887 Morrison Hill
Port Rogerton, PR 34533",N,miles
41,Stacie Jennings,899-82-2180,"77448 Ryan Stream
East Jamesburgh, LA 37343",Y,hours
42,Clifford Smith,560-87-9391,"35721 Garcia Prairie
Reynoldsmouth, HI 09243",Y,hours
43,Connor Douglas,662-39-7172,"816 Claudia Ford
East Heidiland, NJ 29572",Y,miles
44,Scott Dunn,237-05-7301,"508 Hatfield Trail Apt. 918
South Sara, NM 40224",Y,miles
45,Robert Green,667-33-6090,"752 Ali Harbor
Paultown, ME 73031",N,hours
46,Kendra Rodriguez,735-44-5300,"85162 Burton Passage
East Ryanland, MH 59806",Y,miles
47,Juan Guerrero,362-20-1663,"5388 Mclean Highway Apt. 677
Smithmouth, MS 70737",N,hours
48,Heather Wright,482-05-7556,"6616 Frazier Streets Apt. 658
Jesseport, ID 92555",N,hours
49,Michael Richardson,721-88-5227,"40578 Greene Bypass
North Crystalchester, NM 43169",N,hours
50,Stephanie Rios,416-87-9424,"Unit 8286 Box 4508
DPO AA 57102",Y,hours
51,Sophia Rosales,270-30-4957,"93984 Julie Drives Suite 933
Stanleyfurt, AL 84201",Y,hours
52,Chad Whitney,403-23-7108,"2454 Mark Drives
Port Brentfort, NH 65396",Y,miles
53,Lauren Banks,547-77-4153,"84821 Daniel Oval
Lake Adam, AZ 94147",Y,miles
54,Kaitlin Maldonado,428-62-0563,"434 Ashley Plain
Ashleyshire, MP 73833",N,hours
55,Ashley Moore,389-89-2635,"2612 Bradley Ferry
Millerberg, OR 28216",N,miles
56,Adam Martin,036-39-2963,"634 Martinez River
Damonshire, MA 07443",Y,hours
57,Jaime Wright,188-14-4999,"71569 Tina Crest Apt. 505
Fergusonburgh, IN 01317",Y,hours
58,Robert Ayala,004-30-0699,"8441 Davis Mission
North Kimberlyfurt, MI 56037",Y,hours
59,Christopher Thomas,571-96-3307,"689 Murray Crossing
Greenton, OR 87563",N,miles
60,Brandi Miller,702-71-9423,"05852 Stacey Rue
Michaelview, IN 21852",N,hours
61,William Clark III,582-29-0066,"064 Davis Branch
New Jaytown, PW 25824",Y,hours
62,Jesse Orr,210-27-7583,"523 Chad Centers Suite 343
Lake Jackson, GA 47020",N,hours
63,Patrick Delgado,316-26-1603,"85347 Nicole Parkway
Ericbury, GU 55704",N,miles
64,James Brown,179-28-2861,"410 Melissa Circle
Butlerbury, PA 46008",Y,hours
65,Madison Ramos,545-37-7692,"744 Brian Row Suite 799
Hartstad, NC 79108",Y,miles
66,Katherine Johnston,574-97-7394,"7237 Young Stravenue Suite 045
Turnerfort, NE 74209",N,hours
67,Natasha Orr,208-29-5810,"USNV White
FPO AA 55359",N,miles
68,Sharon Cunningham,215-97-4544,"1944 Lucero Burgs Apt. 225
Kimberlystad, HI 45600",N,hours
69,Brian Brown,337-13-0485,"455 Odom Lights
New Troy, GA 63579",Y,hours
70,Michael Reed,483-53-7663,"09705 Wood Dam
Rickybury, MI 56568",Y,miles
71,Stacey Lam,309-41-6336,"839 Brennan Crest Suite 061
Langbury, LA 14956",Y,hours
72,Mary Anderson,837-96-4264,"1082 Sara Walks Suite 912
Cookton, GU 56540",N,miles
73,Dennis Simmons,591-18-8434,"4920 Luis Ports
Phillipsfurt, WV 82898",Y,hours
74,Sherry Hernandez,181-91-7141,"9357 Bruce Meadow Suite 304
West Timothyfort, MN 48144",N,hours
75,Ashley Parks,333-09-6385,"15145 Tanner Key
Rachaelbury, IA 80660",N,miles
76,Howard Ross,627-91-9625,"594 Mayer Green Apt. 728
Port Thomas, NM 95118",N,miles
77,Stephen Harris,644-77-8283,"21873 Katelyn Pines Suite 522
Simmonsshire, KS 20291",Y,hours
78,Brent Johnson,626-19-9205,"327 Moore Field
Lake Brianna, WY 66394",Y,hours
79,Bryce Stevenson,012-34-4423,"119 Carr Highway
Spearsshire, MS 35534",N,miles
80,Christina Zhang,116-66-1039,"02777 Harris Isle Apt. 036
Lovemouth, KY 73187",Y,hours
81,Ryan Stanley,271-02-4794,"PSC 6348, Box 9988
APO AA 17819",Y,hours
82,Jose Singh,696-77-4991,"54836 Myers Heights Apt. 375
North Lee, LA 65841",N,miles
83,Daniel Harris,407-03-8915,"437 Kelly Mountain
Port Raymondside, AK 39522",N,hours
84,Tiffany Cruz,621-16-3431,"87729 Xavier Overpass Apt. 719
Deanview, VI 30295",Y,miles
85,Ryan Jones,296-80-2962,"Unit 1613 Box 3480
DPO AP 82731",N,hours
86,Joseph Howell,452-65-8242,"75605 Holmes Gardens Apt. 711
Rayland, AK 94794",Y,hours
87,Chad Campbell,823-91-1385,"566 Andrea Stravenue
Timothyborough, NH 99562",Y,miles
88,Rose Lee,508-77-1356,"1392 Ramsey Drive
Debraton, WI 04313",Y,hours
89,Kenneth Atkinson,730-56-5193,"USNS Nguyen
FPO AP 23098",N,miles
90,Kelly Davis,722-48-6914,"10864 Brewer Ford
Smithburgh, NM 84960",N,hours
91,Heather Anderson,247-63-7814,"PSC 1424, Box 5754
APO AA 47892",N,miles
92,Margaret Coleman,125-57-9280,"28330 Patricia View
New Michaelstad, PA 58423",N,hours
93,Renee Craig,159-01-2220,"17448 Tyler Walk Suite 193
North Ellenchester, OK 72744",N,hours
94,Kyle Flynn,683-29-2257,"6321 Bernard Circle Apt. 591
Lake Michaelport, MS 01748",Y,hours
95,Sean Dunn,660-80-5793,"USNV Rowe
FPO AE 65505",N,hours
96,Douglas White,425-18-4520,"886 Barbara Fields
West Juliestad, AR 95697",Y,miles
97,Jose Richards,515-41-0752,"05504 Reid Groves
Barneschester, PW 17978",N,miles
98,Austin Garcia,339-61-4698,"PSC 4314, Box 5075
APO AP 06351",N,hours
99,Wayne Gonzalez,178-69-8073,"47811 Gonzalez Shore Apt. 600
Ashleymouth, KY 29371",N,miles
100,Allen Valdez,201-48-4363,"017 Sherman Keys Suite 392
Morganburgh, VA 34324",Y,miles
101,Brandi Peterson,818-11-9813,"234 Wheeler Ford
Andersenmouth, IN 44590",Y,hours
102,Kelli Lee,293-01-3404,"USNS Brown
FPO AA 14314",N,hours
103,Jonathan Walker,705-37-1682,"USNV Ho
FPO AP 43842",Y,hours
104,Amber Smith,478-46-6233,"826 Gonzalez Shores
North Leahton, IN 98787",Y,hours
105,Natasha Drake,366-07-0766,"339 Quinn Land Suite 706
East Yolandaville, MI 98610",N,hours
106,Nathan Reid,065-49-6038,"04974 Sanchez Wells
Port Leahmouth, VA 90171",Y,miles
107,Lori Myers,504-74-8024,"40618 Bennett Lights Suite 756
Jacksonchester, OH 81773",N,hours
108,Katrina Cooper,651-69-0508,"875 Wilson Locks
North Davidmouth, NH 44612",N,hours
109,Katrina Collins,771-75-6992,"999 Gordon Gardens
Lake Laura, AR 05992",N,miles
